0.1000999361276627E+00,-0.9193352423608303E-02,0.9999197322559876E+05,0.2945135116577148E+01,-0.2400870434939861E-01
0.1000999270493642E+00,-0.9210249884363244E-02,0.9999197162723783E+05,0.3032236709376898E+01,-0.2508634754208013E-01
0.1000999072279909E+00,-0.9247143458607280E-02,0.9999197246513797E+05,0.3222745802805397E+01,-0.2748784341185583E-01
0.1000998801614535E+00,-0.9297522475882185E-02,0.9999197221767869E+05,0.3482540555024672E+01,-0.3086096640731616E-01
0.1000998505328405E+00,-0.9352670291499483E-02,0.9999196739347960E+05,0.3764532598746131E+01,-0.3464698261232367E-01
0.1000998234663030E+00,-0.9403049308774388E-02,0.9999196714612079E+05,0.4018081284323344E+01,-0.3815164103171114E-01
0.1000998036449297E+00,-0.9439942883018424E-02,0.9999196798374820E+05,0.4200357758577624E+01,-0.4071786428257759E-01
0.1000997945666313E+00,-0.9456840343773365E-02,0.9999196206488270E+05,0.4282713890075684E+01,-0.4188439995050430E-01
0.1001000404357910E+00,-0.8988839574158192E-02,0.9999197018895633E+05,0.1928035020828247E+01,-0.1320538669824600E-01
0.1001000337465184E+00,-0.9001954968007366E-02,0.9999197224227726E+05,0.1990511076821053E+01,-0.1364928435898498E-01
0.1001000191412961E+00,-0.9030590853820727E-02,0.9999197224198253E+05,0.2127318805501887E+01,-0.1473364421428173E-01
0.1000999991975316E+00,-0.9069693809162789E-02,0.9999197224149831E+05,0.2317987618699534E+01,-0.1664026723896308E-01
0.1000999773659220E+00,-0.9112498188603706E-02,0.9999197224179169E+05,0.2532123146185228E+01,-0.1907895184567146E-01
0.1000999574221576E+00,-0.9151601143945767E-02,0.9999197224221814E+05,0.2730923977396819E+01,-0.2141538757281779E-01
0.1000999428169352E+00,-0.9180237029759128E-02,0.9999197224264924E+05,0.2877662489119740E+01,-0.2318268571443003E-01
0.1000999361276627E+00,-0.9193352423608303E-02,0.9999197322559876E+05,0.2945135116577148E+01,-0.2400870434939861E-01
0.1001001223921776E+00,-0.8830102160573006E-02,0.9999196806812928E+05,0.1225364565849304E+01,-0.6915477570146322E-02
0.1001001171363206E+00,-0.8840281979119208E-02,0.9999196433113769E+05,0.1266908991875490E+01,-0.7269667056836138E-02
0.1001001056607887E+00,-0.8862508389156308E-02,0.9999196487875850E+05,0.1359319569128515E+01,-0.8083516766287152E-02
0.1001000899906881E+00,-0.8892859059107978E-02,0.9999196482767253E+05,0.1489296418216542E+01,-0.9272468990127318E-02
0.1001000728372805E+00,-0.8926082675623219E-02,0.9999196490207475E+05,0.1636250404266930E+01,-0.1066526166956832E-01
0.1001000571671799E+00,-0.8956433345574890E-02,0.9999197168110764E+05,0.1774862143335219E+01,-0.1196532808371483E-01
0.1001000456916480E+00,-0.8978659755611990E-02,0.9999197358311426E+05,0.1879590039878126E+01,-0.1285032769420618E-01
0.1001000404357910E+00,-0.8988839574158192E-02,0.9999197018895633E+05,0.1928035020828247E+01,-0.1320538669824600E-01
0.1001001894474030E+00,-0.8706894703209400E-02,0.9999197096954403E+05,0.7648016810417175E+00,-0.3460025647655129E-02
0.1001001851471563E+00,-0.8714795988301383E-02,0.9999197390155410E+05,0.7918786228244803E+00,-0.3638758179050315E-02
0.1001001757580848E+00,-0.8732047494453221E-02,0.9999197376432724E+05,0.8522063504316690E+00,-0.4048085096531491E-02
0.1001001629370933E+00,-0.8755604819658225E-02,0.9999197362440842E+05,0.9372289204668891E+00,-0.4650951218274922E-02
0.1001001489024872E+00,-0.8781392044124181E-02,0.9999197354892117E+05,0.1033716689977518E+01,-0.5371471193520837E-02
0.1001001360814958E+00,-0.8804949369329183E-02,0.9999196550237907E+05,0.1124902542103458E+01,-0.6087544652078855E-02
0.1001001266924242E+00,-0.8822200875481023E-02,0.9999196315938301E+05,0.1193467223874168E+01,-0.6648219569026559E-02
0.1001001223921776E+00,-0.8830102160573006E-02,0.9999196806812928E+05,0.1225364565849304E+01,-0.6915477570146322E-02
0.1001002416014671E+00,-0.8611263707280159E-02,0.9999197142119086E+05,0.4654852151870728E+00,-0.1696151681244373E-02
0.1001002382568308E+00,-0.8617396515948041E-02,0.9999197142152824E+05,0.4830746171929960E+00,-0.1788778761529118E-02
0.1001002309542197E+00,-0.8630786766423797E-02,0.9999197142191544E+05,0.5222529216325453E+00,-0.2000155493784744E-02
0.1001002209823374E+00,-0.8649071458917168E-02,0.9999197142165122E+05,0.5774600882807507E+00,-0.2309776684535964E-02
0.1001002100665327E+00,-0.8669086951572393E-02,0.9999197142148686E+05,0.6401332178313391E+00,-0.2677619106824872E-02
0.1001002000946504E+00,-0.8687371644065762E-02,0.9999197142191946E+05,0.6994082919255021E+00,-0.3041279135503273E-02
0.1001001927920392E+00,-0.8700761894541519E-02,0.9999197142205469E+05,0.7440267313395008E+00,-0.3325013756450786E-02
0.1001001894474030E+00,-0.8706894703209400E-02,0.9999197096954403E+05,0.7648016810417175E+00,-0.3460025647655129E-02
0.1001002788543701E+00,-0.8537037298083305E-02,0.9999197142248765E+05,0.2705254554748535E+00,-0.7697024266235530E-03
0.1001002764653442E+00,-0.8541797432193432E-02,0.9999197142221383E+05,0.2820249971754745E+00,-0.8188511223038181E-03
0.1001002712491934E+00,-0.8552190612787277E-02,0.9999197142168503E+05,0.3076126098088774E+00,-0.9308883216680118E-03
0.1001002641264203E+00,-0.8566382737985427E-02,0.9999197142138530E+05,0.3436189697051991E+00,-0.1094545796155037E-02
0.1001002563294169E+00,-0.8581918267378037E-02,0.9999197142117185E+05,0.3844297963470215E+00,-0.1288031544317465E-02
0.1001002492066439E+00,-0.8596110392576186E-02,0.9999197142168322E+05,0.4229869467179168E+00,-0.1478286457233141E-02
0.1001002439904930E+00,-0.8606503573170032E-02,0.9999197142185103E+05,0.4519868556948340E+00,-0.1626041692149511E-02
0.1001002416014671E+00,-0.8611263707280159E-02,0.9999197142119086E+05,0.4654852151870728E+00,-0.1696151681244373E-02
0.1001003086566925E+00,-0.8479425683617592E-02,0.9999197142206955E+05,0.1424331218004227E+00,-0.2836240746546537E-03
0.1001003067454717E+00,-0.8483120312175340E-02,0.9999197142182101E+05,0.1500292254983339E+00,-0.3086112773476269E-03
0.1001003025725511E+00,-0.8491187089484440E-02,0.9999197142195184E+05,0.1669095434216511E+00,-0.3662042371296467E-03
0.1001002968743327E+00,-0.8502202457925562E-02,0.9999197142161484E+05,0.1906169084924761E+00,-0.4514867000053874E-03
0.1001002906367300E+00,-0.8514260523775335E-02,0.9999197142182055E+05,0.2174285176558124E+00,-0.5533567490169440E-03
0.1001002849385115E+00,-0.8525275892216458E-02,0.9999197142206944E+05,0.2427097644840985E+00,-0.6540983788175158E-03
0.1001002807655908E+00,-0.8533342669525558E-02,0.9999197142202911E+05,0.2616957782011498E+00,-0.7324943174610736E-03
0.1001002788543701E+00,-0.8537037298083305E-02,0.9999197142248765E+05,0.2705254554748535E+00,-0.7697024266235530E-03
0.1001003310084343E+00,-0.8434708230197430E-02,0.9999197142322862E+05,0.5730499327182770E-01,-0.5763814988313243E-04
0.1001003295750187E+00,-0.8437575957164779E-02,0.9999197142174991E+05,0.6238490284488411E-01,-0.6750436421040498E-04
0.1001003264453282E+00,-0.8443837294256540E-02,0.9999197142107542E+05,0.7365735233127267E-01,-0.9141252000762280E-04
0.1001003221716644E+00,-0.8452387292893795E-02,0.9999197142212823E+05,0.8945072560592601E-01,-0.1291457938341305E-03
0.1001003174934624E+00,-0.8461746620921227E-02,0.9999197142191677E+05,0.1072707212667146E+00,-0.1767771604067375E-03
0.1001003132197986E+00,-0.8470296619558480E-02,0.9999197142149837E+05,0.1240303696053214E+00,-0.2257715271273546E-03
0.1001003100901080E+00,-0.8476557956650243E-02,0.9999197142226063E+05,0.1365957497050395E+00,-0.2648489195339184E-03
0.1001003086566925E+00,-0.8479425683617592E-02,0.9999197142206955E+05,0.1424331218004227E+00,-0.2836240746546537E-03
0.1001003533601761E+00,-0.8399999700486660E-02,0.9999197172376668E+05,0.0000000000000000E+00,0.0000000000000000E+00
0.1001003519267605E+00,-0.8402225555919737E-02,0.9999197150975892E+05,0.3442361700919621E-02,0.1050009032788494E-06
0.1001003487970700E+00,-0.8407085443678474E-02,0.9999197138210062E+05,0.1106998931361611E-01,-0.1629143486687803E-05
0.1001003445234062E+00,-0.8413721731280540E-02,0.9999197143177125E+05,0.2173058837047592E-01,-0.8187863853795140E-05
0.1001003398452042E+00,-0.8420986199403549E-02,0.9999197142826120E+05,0.3372570797908141E-01,-0.2056873793940620E-04
0.1001003355715404E+00,-0.8427622487005614E-02,0.9999197141162692E+05,0.4497846703213299E-01,-0.3634705714977988E-04
0.1001003324418498E+00,-0.8432482374764353E-02,0.9999197142830220E+05,0.5339846512844832E-01,-0.5047166794451980E-04
0.1001003310084343E+00,-0.8434708230197430E-02,0.9999197142322862E+05,0.5730499327182770E-01,-0.5763814988313243E-04
0.1000000014901161E+00,-0.2000000029802322E+00,0.9999599734233448E+05,0.6460708141326904E+01,-0.2244037538766861E+00
0.1000005375875285E+00,-0.1989759890741115E+00,0.9999607798717770E+05,0.6619539307077731E+01,-0.2388075332606574E+00
0.1000017080917821E+00,-0.1967401778110885E+00,0.9999622036564071E+05,0.6529266796229757E+01,-0.2392207340256742E+00
0.1000033064420428E+00,-0.1936871265263793E+00,0.9999631258634142E+05,0.6574244496651500E+01,-0.2348862399773663E+00
0.1000050560896192E+00,-0.1903450782208208E+00,0.9999630609337898E+05,0.6532051084239013E+01,-0.2260329859819384E+00
0.1000066544398798E+00,-0.1872920269361115E+00,0.9999628410902079E+05,0.6579826812615552E+01,-0.2256360440557847E+00
0.1000078249441334E+00,-0.1850562156730885E+00,0.9999630965888435E+05,0.6529250705648189E+01,-0.2297803095473710E+00
0.1000083610415459E+00,-0.1840322017669678E+00,0.9999632867331326E+05,0.6603823661804199E+01,-0.2245665937662125E+00
0.1000161916017532E+00,-0.1690837740898132E+00,0.9999620964543818E+05,0.6555927753448486E+01,-0.2266109138727188E+00
0.1000156894285085E+00,-0.1700424156467565E+00,0.9999620732831708E+05,0.6579270807320076E+01,-0.2242584448255013E+00
0.1000145929935973E+00,-0.1721354942440342E+00,0.9999621613325435E+05,0.6566297548969901E+01,-0.2215153615496573E+00
0.1000130957867131E+00,-0.1749936408175404E+00,0.9999625070685527E+05,0.6572522119218315E+01,-0.2170724201615913E+00
0.1000114568565860E+00,-0.1781223350392406E+00,0.9999630095708024E+05,0.6548930154990105E+01,-0.2172981038430869E+00
0.1000099596497018E+00,-0.1809804816127468E+00,0.9999632990534476E+05,0.6564743577673497E+01,-0.2229339327783154E+00
0.1000088632147905E+00,-0.1830735602100244E+00,0.9999632648129232E+05,0.6537428328667509E+01,-0.2265083642611718E+00
0.1000083610415459E+00,-0.1840322017669678E+00,0.9999632867331326E+05,0.6603823661804199E+01,-0.2245665937662125E+00
0.1000235229730606E+00,-0.1550895422697067E+00,0.9999610561472122E+05,0.6594554901123047E+01,-0.2299696058034897E+00
0.1000230528127630E+00,-0.1559869913171912E+00,0.9999608912857037E+05,0.6586686127167185E+01,-0.2304323044776319E+00
0.1000220262742733E+00,-0.1579464634262727E+00,0.9999609958655902E+05,0.6594068052735803E+01,-0.2260002891056545E+00
0.1000206245125473E+00,-0.1606221672922128E+00,0.9999613928024436E+05,0.6583936206174448E+01,-0.2212762958628388E+00
0.1000190900622666E+00,-0.1635511490673071E+00,0.9999619091852586E+05,0.6579823976728836E+01,-0.2202697535965380E+00
0.1000176883005406E+00,-0.1662268529332472E+00,0.9999622797226801E+05,0.6572640420312860E+01,-0.2231484129710266E+00
0.1000166617620508E+00,-0.1681863250423287E+00,0.9999622791996822E+05,0.6575080377572071E+01,-0.2263117167639640E+00
0.1000161916017532E+00,-0.1690837740898132E+00,0.9999620964543818E+05,0.6555927753448486E+01,-0.2266109138727188E+00
0.1000303849577904E+00,-0.1419886052608490E+00,0.9999594329465317E+05,0.6616390705108643E+01,-0.2403041571378708E+00
0.1000299448992191E+00,-0.1428287673784195E+00,0.9999594957925534E+05,0.6619075306981665E+01,-0.2398790791109345E+00
0.1000289840842303E+00,-0.1446631603627352E+00,0.9999595439338524E+05,0.6618248926232162E+01,-0.2352295955039704E+00
0.1000276720694441E+00,-0.1471680658304061E+00,0.9999599357605100E+05,0.6607567807337842E+01,-0.2288961060816579E+00
0.1000262358614069E+00,-0.1499100817001496E+00,0.9999606393859335E+05,0.6598485466136027E+01,-0.2270991666742192E+00
0.1000249238466207E+00,-0.1524149871678205E+00,0.9999609236617488E+05,0.6597052585244183E+01,-0.2297508185048316E+00
0.1000239630316318E+00,-0.1542493801521362E+00,0.9999609838278271E+05,0.6591343409188875E+01,-0.2317223716522093E+00
0.1000235229730606E+00,-0.1550895422697067E+00,0.9999610561472122E+05,0.6594554901123047E+01,-0.2299696058034897E+00
0.1000368073582649E+00,-0.1297239512205124E+00,0.9999579254257260E+05,0.6640177726745605E+01,-0.2511036992073059E+00
0.1000363954901994E+00,-0.1305104825734097E+00,0.9999577768217080E+05,0.6641932965974751E+01,-0.2507167363718965E+00
0.1000354962257907E+00,-0.1322277792302397E+00,0.9999578728012487E+05,0.6643603801721481E+01,-0.2450807065156939E+00
0.1000342682597258E+00,-0.1345727869914372E+00,0.9999584159416637E+05,0.6638903149663002E+01,-0.2380166992052730E+00
0.1000329240563295E+00,-0.1371397694899242E+00,0.9999591054111478E+05,0.6624502646074313E+01,-0.2353344765014151E+00
0.1000316960902646E+00,-0.1394847772511216E+00,0.9999595647693693E+05,0.6614422800019413E+01,-0.2380541698325977E+00
0.1000307968258559E+00,-0.1412020739079517E+00,0.9999595984065745E+05,0.6614803784915348E+01,-0.2409726661539949E+00
0.1000303849577904E+00,-0.1419886052608490E+00,0.9999594329465317E+05,0.6616390705108643E+01,-0.2403041571378708E+00
0.1000428199768066E+00,-0.1182421967387199E+00,0.9999563477537595E+05,0.6668126583099365E+01,-0.2606363892555237E+00
0.1000424343880260E+00,-0.1189785208010619E+00,0.9999561681440732E+05,0.6667744636502504E+01,-0.2612772622758944E+00
0.1000415925012768E+00,-0.1205861958745925E+00,0.9999562055476288E+05,0.6666333194963924E+01,-0.2547526877781170E+00
0.1000404428857149E+00,-0.1227815128630224E+00,0.9999567832027804E+05,0.6660596853236206E+01,-0.2481697253784948E+00
0.1000391844493567E+00,-0.1251846350962099E+00,0.9999575912627022E+05,0.6652273678487580E+01,-0.2462328220341493E+00
0.1000380348337948E+00,-0.1273799520846398E+00,0.9999580167335110E+05,0.6642258659991445E+01,-0.2491365653387103E+00
0.1000371929470456E+00,-0.1289876271581705E+00,0.9999580134469335E+05,0.6640620224885544E+01,-0.2525037498130313E+00
0.1000368073582649E+00,-0.1297239512205124E+00,0.9999579254257260E+05,0.6640177726745605E+01,-0.2511036992073059E+00
0.1000484526157379E+00,-0.1074933558702469E+00,0.9999546500037814E+05,0.6696888446807861E+01,-0.2704726159572601E+00
0.1000480913950215E+00,-0.1081826782369890E+00,0.9999544494158575E+05,0.6697217478010800E+01,-0.2714893385461508E+00
0.1000473027130111E+00,-0.1096877307584477E+00,0.9999545121952875E+05,0.6696881752577220E+01,-0.2649834487772955E+00
0.1000462257497337E+00,-0.1117429143109186E+00,0.9999550616690448E+05,0.6685648437779309E+01,-0.2574005710028692E+00
0.1000450468428108E+00,-0.1139926382980483E+00,0.9999558820080220E+05,0.6674970628738605E+01,-0.2553789054630726E+00
0.1000439698795335E+00,-0.1160478218505192E+00,0.9999563937975478E+05,0.6669870376686365E+01,-0.2591004070931668E+00
0.1000431811975230E+00,-0.1175528743719778E+00,0.9999564558297241E+05,0.6669621945015574E+01,-0.2625097931288565E+00
0.1000428199768066E+00,-0.1182421967387199E+00,0.9999563477537595E+05,0.6668126583099365E+01,-0.2606363892555237E+00
0.1000537201762199E+00,-0.9743065387010574E-01,0.9999525489934273E+05,0.6726980209350586E+01,-0.2779240012168884E+00
0.1000533823679573E+00,-0.9807597420217079E-01,0.9999524942653517E+05,0.6726696485885331E+01,-0.2769824172335538E+00
0.1000526448042254E+00,-0.9948495357058074E-01,0.9999525689048914E+05,0.6723144028861293E+01,-0.2719798310131154E+00
0.1000516376441235E+00,-0.1014089470408687E+00,0.9999532114911643E+05,0.6714326365283313E+01,-0.2657563611978445E+00
0.1000505351478344E+00,-0.1035150626994840E+00,0.9999541200559105E+05,0.6705775754190253E+01,-0.2646637683422470E+00
0.1000495279877325E+00,-0.1054390561697719E+00,0.9999545727156955E+05,0.6699966915983850E+01,-0.2683491036429422E+00
0.1000487904240005E+00,-0.1068480355381818E+00,0.9999546723625442E+05,0.6697192195530545E+01,-0.2706557495136604E+00
0.1000484526157379E+00,-0.1074933558702469E+00,0.9999546500037814E+05,0.6696888446807861E+01,-0.2704726159572601E+00
0.1000910475850105E+00,-0.2615793235599995E-01,0.9999270230089579E+05,0.7076789379119873E+01,-0.2156062126159668E+00
0.1000908727083144E+00,-0.2649159458356859E-01,0.9999270600218038E+05,0.7075319282125204E+01,-0.2154395842016412E+00
0.1000904908860713E+00,-0.2722010594653379E-01,0.9999273863520594E+05,0.7070853231889664E+01,-0.2163367571927438E+00
0.1000899694990879E+00,-0.2821490483202595E-01,0.9999280510913261E+05,0.7061637407718377E+01,-0.2182976883222209E+00
0.1000893987584347E+00,-0.2930386981151444E-01,0.9999287554337831E+05,0.7050267227508119E+01,-0.2232505001302622E+00
0.1000888773714512E+00,-0.3029866869700659E-01,0.9999294096048345E+05,0.7042302627326366E+01,-0.2298969134604325E+00
0.1000884955492081E+00,-0.3102718005997180E-01,0.9999296444104481E+05,0.7039579391640859E+01,-0.2360348617258149E+00
0.1000883206725121E+00,-0.3136084228754044E-01,0.9999295476023812E+05,0.7040815353393555E+01,-0.2378637194633484E+00
0.1000936031341553E+00,-0.2128714136779308E-01,0.9999246450891622E+05,0.7110139846801758E+01,-0.1874760240316391E+00
0.1000934392469783E+00,-0.2159950483218715E-01,0.9999246331964023E+05,0.7108780384831242E+01,-0.1890813999316466E+00
0.1000930814190292E+00,-0.2228151290617406E-01,0.9999249414293378E+05,0.7105559823419211E+01,-0.1901042329970174E+00
0.1000925927968015E+00,-0.2321281048969745E-01,0.9999255224775559E+05,0.7096577172408344E+01,-0.1937362227683753E+00
0.1000920579223643E+00,-0.2423226323409559E-01,0.9999261990420044E+05,0.7087409987313826E+01,-0.1994820208331374E+00
0.1000915693001366E+00,-0.2516356081761897E-01,0.9999268929906438E+05,0.7078974726317948E+01,-0.2066093207903005E+00
0.1000912114721874E+00,-0.2584556889160587E-01,0.9999271222180538E+05,0.7075415134961612E+01,-0.2136652195555513E+00
0.1000910475850105E+00,-0.2615793235599995E-01,0.9999270230089579E+05,0.7076789379119873E+01,-0.2156062126159668E+00
0.1000959873199463E+00,-0.1672727055847645E-01,0.9999224576493866E+05,0.7135257244110107E+01,-0.1549707204103470E+00
0.1000958344222885E+00,-0.1701969473488561E-01,0.9999225096504536E+05,0.7133763789932878E+01,-0.1576630923873871E+00
0.1000955005886333E+00,-0.1765816777054259E-01,0.9999228378657279E+05,0.7131179337935790E+01,-0.1603237366622637E+00
0.1000950447311614E+00,-0.1853001726607161E-01,0.9999233120350211E+05,0.7124582286803849E+01,-0.1654733901985196E+00
0.1000945457229401E+00,-0.1948439466019792E-01,0.9999238723323772E+05,0.7118109736591128E+01,-0.1726654976429758E+00
0.1000940898654682E+00,-0.2035624415572693E-01,0.9999242755379144E+05,0.7112744804557900E+01,-0.1802825693431153E+00
0.1000937560318130E+00,-0.2099471719138392E-01,0.9999245148468384E+05,0.7110515621804545E+01,-0.1858717279596289E+00
0.1000936031341553E+00,-0.2128714136779308E-01,0.9999246450891622E+05,0.7110139846801758E+01,-0.1874760240316391E+00
0.1000982224941254E+00,-0.1245847158133984E-01,0.9999205648401898E+05,0.7161550521850586E+01,-0.1193475946784019E+00
0.1000980791525712E+00,-0.1273222934276477E-01,0.9999207049327050E+05,0.7160895840798272E+01,-0.1219860216230813E+00
0.1000977661835195E+00,-0.1332994650527147E-01,0.9999208997611034E+05,0.7158342366989043E+01,-0.1256256497117606E+00
0.1000973388171396E+00,-0.1414614292625934E-01,0.9999213126532495E+05,0.7152065751516905E+01,-0.1310069583608012E+00
0.1000968709969321E+00,-0.1503959921355695E-01,0.9999218880884234E+05,0.7144199880799926E+01,-0.1392254698526879E+00
0.1000964436305522E+00,-0.1585579563454481E-01,0.9999221757850761E+05,0.7138411518345710E+01,-0.1481734312608726E+00
0.1000961306615004E+00,-0.1645351279705150E-01,0.9999223626976192E+05,0.7136997697517912E+01,-0.1539697699246734E+00
0.1000959873199463E+00,-0.1672727055847645E-01,0.9999224576493866E+05,0.7135257244110107E+01,-0.1549707204103470E+00
0.1000987142324448E+00,-0.1152314152568579E-01,0.9999203237276888E+05,0.7165596961975098E+01,-0.1090933233499527E+00
0.1000986826973028E+00,-0.1158312417270213E-01,0.9999203708581140E+05,0.7163699662694802E+01,-0.1100024200992052E+00
0.1000986138441115E+00,-0.1171408907169762E-01,0.9999204303871898E+05,0.7164146465412171E+01,-0.1113884879469946E+00
0.1000985198235079E+00,-0.1189292462894827E-01,0.9999204920398227E+05,0.7162623421291561E+01,-0.1141459299837411E+00
0.1000984169030623E+00,-0.1208868847807735E-01,0.9999204806896244E+05,0.7163752556580181E+01,-0.1162540040266931E+00
0.1000983228824587E+00,-0.1226752403532800E-01,0.9999204993020890E+05,0.7162182811772017E+01,-0.1173343102633987E+00
0.1000982540292673E+00,-0.1239848893432349E-01,0.9999205554747427E+05,0.7162075520122728E+01,-0.1190360425467489E+00
0.1000982224941254E+00,-0.1245847158133984E-01,0.9999205648401898E+05,0.7161550521850586E+01,-0.1193475946784019E+00
0.1000990942120552E+00,-0.1079716067761183E-01,0.9999200013946235E+05,0.7123181343078613E+01,-0.1013318747282028E+00
0.1000990698439910E+00,-0.1084371777549124E-01,0.9999201102265679E+05,0.7132772033014522E+01,-0.1018247875973274E+00
0.1000990166392522E+00,-0.1094536960188763E-01,0.9999201258341018E+05,0.7146023329911465E+01,-0.1033120804392877E+00
0.1000989439869676E+00,-0.1108417748979178E-01,0.9999201650822791E+05,0.7157452589461505E+01,-0.1047494908408633E+00
0.1000988644575324E+00,-0.1123612471350584E-01,0.9999202925832187E+05,0.7162255764886360E+01,-0.1063363035436358E+00
0.1000987918052477E+00,-0.1137493260140998E-01,0.9999203738517965E+05,0.7164807318643716E+01,-0.1078581725740964E+00
0.1000987386005090E+00,-0.1147658442780637E-01,0.9999203286980581E+05,0.7164604187362213E+01,-0.1085873447491276E+00
0.1000987142324448E+00,-0.1152314152568579E-01,0.9999203237276888E+05,0.7165596961975098E+01,-0.1090933233499527E+00
0.1000993922352791E+00,-0.1023367419838905E-01,0.9999200332682932E+05,0.6742579460144043E+01,-0.8772350847721100E-01
0.1000993731230718E+00,-0.1026981054446003E-01,0.9999199097697109E+05,0.6791022427063553E+01,-0.8912931703001313E-01
0.1000993313938650E+00,-0.1034870991200482E-01,0.9999199234424396E+05,0.6882753075495605E+01,-0.9139116548181421E-01
0.1000992744116809E+00,-0.1045644879830047E-01,0.9999200109335282E+05,0.6976329127500015E+01,-0.9444693768017143E-01
0.1000992120356533E+00,-0.1057438607770041E-01,0.9999199748290307E+05,0.7048883754331523E+01,-0.9720206094230650E-01
0.1000991550534693E+00,-0.1068212496399606E-01,0.9999200674848403E+05,0.7092104539590141E+01,-0.9923196490873780E-01
0.1000991133242624E+00,-0.1076102433154085E-01,0.9999200869195822E+05,0.7115432285998450E+01,-0.1008772633763520E+00
0.1000990942120552E+00,-0.1079716067761183E-01,0.9999200013946235E+05,0.7123181343078613E+01,-0.1013318747282028E+00
0.1000996157526970E+00,-0.9796310216188431E-02,0.9999198291100495E+05,0.5707175254821777E+01,-0.6574128568172455E-01
0.1000996014185415E+00,-0.9824358335890574E-02,0.9999197568233314E+05,0.5801155965006962E+01,-0.6754250973848064E-01
0.1000995701216364E+00,-0.9885598033478528E-02,0.9999197741177178E+05,0.5993678315341702E+01,-0.7088943616484657E-01
0.1000995273849984E+00,-0.9969222237582089E-02,0.9999198357036426E+05,0.6224118873420386E+01,-0.7554061036733865E-01
0.1000994806029777E+00,-0.1006076217699539E-01,0.9999198468810527E+05,0.6439018079756781E+01,-0.8018105801307578E-01
0.1000994378663397E+00,-0.1014438638109896E-01,0.9999198404753674E+05,0.6600479497699081E+01,-0.8394698523897440E-01
0.1000994065694345E+00,-0.1020562607868690E-01,0.9999199138566313E+05,0.6701533664731277E+01,-0.8672934030775153E-01
0.1000993922352791E+00,-0.1023367419838905E-01,0.9999200332682932E+05,0.6742579460144043E+01,-0.8772350847721100E-01
0.1000997945666313E+00,-0.9456840343773365E-02,0.9999196206488270E+05,0.4282713890075684E+01,-0.4188439995050430E-01
0.1000997830993069E+00,-0.9478610521484075E-02,0.9999196941066567E+05,0.4387581247625735E+01,-0.4336888425895039E-01
0.1000997580617828E+00,-0.9526143087431358E-02,0.9999196827741360E+05,0.4610417503081323E+01,-0.4674573485136439E-01
0.1000997238724724E+00,-0.9591049890581934E-02,0.9999197328718912E+05,0.4902339002522115E+01,-0.5159415090245142E-01
0.1000996864468559E+00,-0.9662100669379860E-02,0.9999198870888699E+05,0.5202882656815950E+01,-0.5680317354627735E-01
0.1000996522575455E+00,-0.9727007472530438E-02,0.9999197679959206E+05,0.5457630268060892E+01,-0.6126445345078584E-01
0.1000996272200213E+00,-0.9774540038477721E-02,0.9999197050382587E+05,0.5631296903097599E+01,-0.6436360157952094E-01
0.1000996157526970E+00,-0.9796310216188431E-02,0.9999198291100495E+05,0.5707175254821777E+01,-0.6574128568172455E-01
0.1000586524605751E+00,-0.8801028132438660E-01,0.9999503814271727E+05,0.6756152629852295E+01,-0.2851283252239227E+00
0.1000583361535456E+00,-0.8861440911623561E-01,0.9999503604169768E+05,0.6756607522039735E+01,-0.2839194878324648E+00
0.1000576455351714E+00,-0.8993344952501126E-01,0.9999504341647415E+05,0.6752804265177685E+01,-0.2783260576382900E+00
0.1000567024800265E+00,-0.9173462929416168E-01,0.9999510245520560E+05,0.6744894043304847E+01,-0.2715919993014955E+00
0.1000556701567686E+00,-0.9370630590033066E-01,0.9999520708935018E+05,0.6735966667804301E+01,-0.2707690157973837E+00
0.1000547271016236E+00,-0.9550748566948107E-01,0.9999525676599487E+05,0.6728303915381251E+01,-0.2752966815238856E+00
0.1000540364832494E+00,-0.9682652607825669E-01,0.9999525271522353E+05,0.6726506234106905E+01,-0.2787268180690441E+00
0.1000537201762199E+00,-0.9743065387010574E-01,0.9999525489934273E+05,0.6726980209350586E+01,-0.2779240012168884E+00
0.1000632718205452E+00,-0.7919124513864517E-01,0.9999480118956883E+05,0.6786889553070068E+01,-0.2878220677375793E+00
0.1000629755813333E+00,-0.7975680927438093E-01,0.9999480650511963E+05,0.6787892339846168E+01,-0.2877548385297497E+00
0.1000623287786263E+00,-0.8099165057593155E-01,0.9999482125548611E+05,0.6787313456813980E+01,-0.2827506852750176E+00
0.1000614455547746E+00,-0.8267785454335122E-01,0.9999488884300139E+05,0.6780364521401759E+01,-0.2771757925394812E+00
0.1000604787263457E+00,-0.8452367191968055E-01,0.9999498610472788E+05,0.6766785610536802E+01,-0.2766815150832602E+00
0.1000595955024939E+00,-0.8620987588710020E-01,0.9999503746676866E+05,0.6757761019882453E+01,-0.2814736052258803E+00
0.1000589486997870E+00,-0.8744471718865079E-01,0.9999504408415622E+05,0.6755762106624513E+01,-0.2845878613455124E+00
0.1000586524605751E+00,-0.8801028132438660E-01,0.9999503814271727E+05,0.6756152629852295E+01,-0.2851283252239227E+00
0.1000676006078720E+00,-0.7093515992164612E-01,0.9999458876923227E+05,0.6825963973999023E+01,-0.2899265289306641E+00
0.1000673230030621E+00,-0.7146462205355829E-01,0.9999456532922495E+05,0.6825400364448135E+01,-0.2913985781593667E+00
0.1000667168863319E+00,-0.7262063896973273E-01,0.9999457843616244E+05,0.6823843472792715E+01,-0.2852927671830180E+00
0.1000658892201095E+00,-0.7419920644071859E-01,0.9999465782388432E+05,0.6812194829536380E+01,-0.2799974091551894E+00
0.1000649832083077E+00,-0.7592719861957270E-01,0.9999475082317258E+05,0.6799135202308120E+01,-0.2801440208900985E+00
0.1000641555420853E+00,-0.7750576609055855E-01,0.9999481124917716E+05,0.6787543334379933E+01,-0.2850447311738515E+00
0.1000635494253550E+00,-0.7866178300673300E-01,0.9999481605093821E+05,0.6787547585107718E+01,-0.2900972952256879E+00
0.1000632718205452E+00,-0.7919124513864517E-01,0.9999480118956883E+05,0.6786889553070068E+01,-0.2878220677375793E+00
0.1000716462731361E+00,-0.6320609152317047E-01,0.9999430049547090E+05,0.6859546184539795E+01,-0.2921380102634430E+00
0.1000713868249231E+00,-0.6370175610564427E-01,0.9999430961331127E+05,0.6860129833102437E+01,-0.2917327290503021E+00
0.1000708203509395E+00,-0.6478398013556469E-01,0.9999432445468630E+05,0.6857256905826485E+01,-0.2862411600659667E+00
0.1000700468177919E+00,-0.6626178173695044E-01,0.9999439818555702E+05,0.6845572484586790E+01,-0.2802845565277020E+00
0.1000692000632163E+00,-0.6787946970786615E-01,0.9999450904569658E+05,0.6832403649320251E+01,-0.2805943694361615E+00
0.1000684265300687E+00,-0.6935727130925190E-01,0.9999456619984523E+05,0.6824666031334250E+01,-0.2863159378723929E+00
0.1000678600560850E+00,-0.7043949533917233E-01,0.9999457744677219E+05,0.6825860969200103E+01,-0.2917727205995475E+00
0.1000676006078720E+00,-0.7093515992164612E-01,0.9999458876923227E+05,0.6825963973999023E+01,-0.2899265289306641E+00
0.1000754386186600E+00,-0.5597039312124252E-01,0.9999406356269305E+05,0.6892755031585693E+01,-0.2864643335342407E+00
0.1000751954158231E+00,-0.5643441792247280E-01,0.9999405092458423E+05,0.6893012998560108E+01,-0.2873461856604286E+00
0.1000746644116653E+00,-0.5744756029359836E-01,0.9999407494776917E+05,0.6893002032763783E+01,-0.2832167736690931E+00
0.1000739393133741E+00,-0.5883102931395561E-01,0.9999415598456103E+05,0.6884394637234414E+01,-0.2787488236180787E+00
0.1000731455784220E+00,-0.6034545533045738E-01,0.9999424427307380E+05,0.6870210654089790E+01,-0.2798327785966836E+00
0.1000724204801308E+00,-0.6172892435081462E-01,0.9999432087113919E+05,0.6859487064675697E+01,-0.2864133131236832E+00
0.1000718894759730E+00,-0.6274206672194020E-01,0.9999433044481414E+05,0.6858927243450395E+01,-0.2926637369370931E+00
0.1000716462731361E+00,-0.6320609152317047E-01,0.9999430049547090E+05,0.6859546184539795E+01,-0.2921380102634430E+00
0.1000789850950241E+00,-0.4919657111167908E-01,0.9999379280572264E+05,0.6932210445404053E+01,-0.2815338671207428E+00
0.1000787576597582E+00,-0.4963097581416354E-01,0.9999378158646858E+05,0.6932638167338770E+01,-0.2819730066944853E+00
0.1000782610821961E+00,-0.5057944626043355E-01,0.9999380200598275E+05,0.6930423733444212E+01,-0.2779888916182722E+00
0.1000775829942067E+00,-0.5187460429205467E-01,0.9999387651548913E+05,0.6919824595688881E+01,-0.2737592875300335E+00
0.1000768407194774E+00,-0.5329235994086694E-01,0.9999397384744186E+05,0.6904919626688812E+01,-0.2750270956723629E+00
0.1000761626314880E+00,-0.5458751797248805E-01,0.9999405139042051E+05,0.6893451208765136E+01,-0.2813515139828415E+00
0.1000756660539259E+00,-0.5553598841875804E-01,0.9999406930188567E+05,0.6892650116595201E+01,-0.2873653448650529E+00
0.1000754386186600E+00,-0.5597039312124252E-01,0.9999406356269305E+05,0.6892755031585693E+01,-0.2864643335342407E+00
0.1000823006033897E+00,-0.4285514727234840E-01,0.9999350220551672E+05,0.6966854572296143E+01,-0.2713321745395660E+00
0.1000820879800844E+00,-0.4326182231228348E-01,0.9999352195219237E+05,0.6967209815982886E+01,-0.2703806757971351E+00
0.1000816237426577E+00,-0.4414974837387553E-01,0.9999354418888922E+05,0.6964278223758073E+01,-0.2685161249511663E+00
0.1000809898158608E+00,-0.4536223166703372E-01,0.9999360989662453E+05,0.6956811894156960E+01,-0.2657521654655209E+00
0.1000802958825530E+00,-0.4668948671699376E-01,0.9999371584280521E+05,0.6943802848212433E+01,-0.2683050916534658E+00
0.1000796619557562E+00,-0.4790197001015195E-01,0.9999377478645596E+05,0.6934894092755112E+01,-0.2754574800645427E+00
0.1000791977183294E+00,-0.4878989607174398E-01,0.9999378490017859E+05,0.6932276262095677E+01,-0.2806090698237196E+00
0.1000789850950241E+00,-0.4919657111167908E-01,0.9999379280572264E+05,0.6932210445404053E+01,-0.2815338671207428E+00
0.1000854149460793E+00,-0.3691851720213890E-01,0.9999323795611731E+05,0.7005214214324951E+01,-0.2565746605396271E+00
0.1000852152235138E+00,-0.3729923284771812E-01,0.9999323281247792E+05,0.7006133080636810E+01,-0.2569255240663391E+00
0.1000847791533017E+00,-0.3813047969242145E-01,0.9999325690546969E+05,0.7002753254573108E+01,-0.2551096536305892E+00
0.1000841836894791E+00,-0.3926556622190806E-01,0.9999333054496394E+05,0.6993026247667895E+01,-0.2529531006396913E+00
0.1000835318599899E+00,-0.4050809825257925E-01,0.9999344002863400E+05,0.6978348262690301E+01,-0.2560440865228118E+00
0.1000829363961673E+00,-0.4164318478206586E-01,0.9999351184079511E+05,0.6967926972469813E+01,-0.2639308365585366E+00
0.1000825003259552E+00,-0.4247443162676916E-01,0.9999351531839928E+05,0.6965572847068386E+01,-0.2702684168558385E+00
0.1000823006033897E+00,-0.4285514727234840E-01,0.9999350220551672E+05,0.6966854572296143E+01,-0.2713321745395660E+00
0.1000883206725121E+00,-0.3136084228754044E-01,0.9999295476023812E+05,0.7040815353393555E+01,-0.2378637194633484E+00
0.1000881343284916E+00,-0.3171725556712958E-01,0.9999296849092962E+05,0.7040550231847132E+01,-0.2378445270077879E+00
0.1000877274687244E+00,-0.3249544111718250E-01,0.9999299544273895E+05,0.7037419806658979E+01,-0.2372090232926543E+00
0.1000871718924305E+00,-0.3355807123834883E-01,0.9999306830191381E+05,0.7028877255239608E+01,-0.2378227699073203E+00
0.1000865637261608E+00,-0.3472128825133051E-01,0.9999316627575242E+05,0.7017874723410923E+01,-0.2421917736813602E+00
0.1000860081498669E+00,-0.3578391837249684E-01,0.9999321914002326E+05,0.7008740924829413E+01,-0.2490214688453584E+00
0.1000856012900996E+00,-0.3656210392254976E-01,0.9999323533831979E+05,0.7006188869250550E+01,-0.2552039036566722E+00
0.1000854149460793E+00,-0.3691851720213890E-01,0.9999323795611731E+05,0.7005214214324951E+01,-0.2565746605396271E+00
0.2435288131237030E+00,0.2000000029802322E+00,0.1000013815269678E+06,0.6085207462310791E+01,-0.2285095676779747E-01
0.2434708113972391E+00,0.1990385404615035E+00,0.1000013858863233E+06,0.6086765279104378E+01,-0.2279689416329977E-01
0.2433441716001352E+00,0.1969393026332873E+00,0.1000013898726277E+06,0.6090054040563312E+01,-0.2305501009079724E-01
0.2431712420681849E+00,0.1940727454894253E+00,0.1000013908811139E+06,0.6099000434846523E+01,-0.2363331839980298E-01
0.2429819432993993E+00,0.1909348445660404E+00,0.1000013908965402E+06,0.6102025981309665E+01,-0.2396595131250004E-01
0.2428090137674491E+00,0.1880682874221784E+00,0.1000013897370883E+06,0.6098475458947576E+01,-0.2387098056497839E-01
0.2426823739703451E+00,0.1859690495939621E+00,0.1000013891997952E+06,0.6095878119718747E+01,-0.2360923726732344E-01
0.2426243722438812E+00,0.1850075870752335E+00,0.1000013871088125E+06,0.6095204353332520E+01,-0.2357417717576027E-01
0.2426243722438812E+00,0.1850075870752335E+00,0.1000013871088125E+06,0.6095204353332520E+01,-0.2357417717576027E-01
0.2425696530390070E+00,0.1841005312767910E+00,0.1000013898047575E+06,0.6094016536734123E+01,-0.2299395144637961E-01
0.2424501802331883E+00,0.1821200839818606E+00,0.1000013964849294E+06,0.6090972899731510E+01,-0.2353376919505352E-01
0.2422870373913370E+00,0.1794157380211417E+00,0.1000013990333937E+06,0.6087671288098817E+01,-0.2389763827529648E-01
0.2421084517053045E+00,0.1764554029357370E+00,0.1000013989981192E+06,0.6082313054180029E+01,-0.2389727604944324E-01
0.2419453088634533E+00,0.1737510569750181E+00,0.1000013985184411E+06,0.6080861089490037E+01,-0.2381305397063493E-01
0.2418258360576346E+00,0.1717706096800876E+00,0.1000013982292463E+06,0.6078666222793847E+01,-0.2321087223156702E-01
0.2417711168527603E+00,0.1708635538816452E+00,0.1000014027980406E+06,0.6077481269836426E+01,-0.2477861940860748E-01
0.2417711168527603E+00,0.1708635538816452E+00,0.1000014027980406E+06,0.6077481269836426E+01,-0.2477861940860748E-01
0.2417195014703382E+00,0.1700079462338117E+00,0.1000014024203445E+06,0.6078068735444917E+01,-0.2358476615201261E-01
0.2416068054877203E+00,0.1681398297909388E+00,0.1000014021422652E+06,0.6075262069488624E+01,-0.2327095719303608E-01
0.2414529165525478E+00,0.1655888741712825E+00,0.1000014062660803E+06,0.6075154779570230E+01,-0.2354891732746816E-01
0.2412844607334096E+00,0.1627964491147740E+00,0.1000014063110092E+06,0.6074170585737995E+01,-0.2392411083205554E-01
0.2411305717982370E+00,0.1602454934951177E+00,0.1000014059327221E+06,0.6071111202099828E+01,-0.2380243470889080E-01
0.2410178758156192E+00,0.1583773770522447E+00,0.1000014064549078E+06,0.6070046426645280E+01,-0.2348881999916273E-01
0.2409662604331970E+00,0.1575217694044113E+00,0.1000014095749571E+06,0.6070295333862305E+01,-0.2380398102104664E-01
0.2409662604331970E+00,0.1575217694044113E+00,0.1000014095749571E+06,0.6070295333862305E+01,-0.2380398102104664E-01
0.2409175787745828E+00,0.1567147937234534E+00,0.1000014061095159E+06,0.6070732592998194E+01,-0.2321396548874560E-01
0.2408112882252242E+00,0.1549528593340010E+00,0.1000014039366186E+06,0.6069817069739988E+01,-0.2347187688688076E-01
0.2406661460552930E+00,0.1525468977305974E+00,0.1000014103537776E+06,0.6067671295596038E+01,-0.2255605024688796E-01
0.2405072649564028E+00,0.1499131915953074E+00,0.1000014139387537E+06,0.6065475463879196E+01,-0.2235826846273334E-01
0.2403621227864716E+00,0.1475072299919038E+00,0.1000014142315639E+06,0.6066314221685521E+01,-0.2307739073670856E-01
0.2402558322371131E+00,0.1457452956024515E+00,0.1000014140416253E+06,0.6065497878575727E+01,-0.2254583181978261E-01
0.2402071505784988E+00,0.1449383199214935E+00,0.1000014166547385E+06,0.6065203189849854E+01,-0.2290429919958115E-01
0.2402071505784988E+00,0.1449383199214935E+00,0.1000014166547385E+06,0.6065203189849854E+01,-0.2290429919958115E-01
0.2401612421011519E+00,0.1441772976315695E+00,0.1000014135711758E+06,0.6064673417156701E+01,-0.2246599431370772E-01
0.2400610064597147E+00,0.1425156969471906E+00,0.1000014119008018E+06,0.6062846656721799E+01,-0.2268233867588991E-01
0.2399241324046794E+00,0.1402467433069546E+00,0.1000014181331159E+06,0.6061881061926133E+01,-0.2173947613490038E-01
0.2397743020674047E+00,0.1377630140926044E+00,0.1000014217351357E+06,0.6060425759623250E+01,-0.2144463352201521E-01
0.2396374280123693E+00,0.1354940604523684E+00,0.1000014220456371E+06,0.6060384750081040E+01,-0.2210570517175901E-01
0.2395371923709322E+00,0.1338324597679895E+00,0.1000014219177946E+06,0.6058547505409097E+01,-0.2150356533688778E-01
0.2394912838935852E+00,0.1330714374780655E+00,0.1000014204294830E+06,0.6058043956756592E+01,-0.2187998220324516E-01
0.2394912838935852E+00,0.1330714374780655E+00,0.1000014204294830E+06,0.6058043956756592E+01,-0.2187998220324516E-01
0.2394479937886270E+00,0.1323538213997585E+00,0.1000014226443103E+06,0.6057448857054581E+01,-0.2163023913598051E-01
0.2393534750485353E+00,0.1307869929604032E+00,0.1000014215337786E+06,0.6056860926192756E+01,-0.2158232929504614E-01
0.2392244075527056E+00,0.1286474529827645E+00,0.1000014213893793E+06,0.6058146473585976E+01,-0.2140845274116989E-01
0.2390831227312223E+00,0.1263053875242660E+00,0.1000014236446345E+06,0.6058390141834731E+01,-0.2114879671524748E-01
0.2389540552353926E+00,0.1241658475466273E+00,0.1000014186763067E+06,0.6057567119476219E+01,-0.2098325636696269E-01
0.2388595364953009E+00,0.1225990191072720E+00,0.1000014186872060E+06,0.6056490898021792E+01,-0.2078025815302387E-01
0.2388162463903427E+00,0.1218814030289650E+00,0.1000014276871046E+06,0.6057254314422607E+01,-0.2128837630152702E-01
0.2388162463903427E+00,0.1218814030289650E+00,0.1000014276871046E+06,0.6057254314422607E+01,-0.2128837630152702E-01
0.2387754294049985E+00,0.1212047769014775E+00,0.1000014252862059E+06,0.6056745036714280E+01,-0.1928060253384630E-01
0.2386863104242798E+00,0.1197274450921633E+00,0.1000014258696275E+06,0.6053710456954800E+01,-0.1926839790694962E-01
0.2385646164230575E+00,0.1177101148045120E+00,0.1000014296170496E+06,0.6052380085101885E+01,-0.1933153912255512E-01
0.2384314030595552E+00,0.1155018272125664E+00,0.1000014296692829E+06,0.6052809715878640E+01,-0.1946878678679068E-01
0.2383097090583328E+00,0.1134844969249151E+00,0.1000014295958055E+06,0.6053544997856321E+01,-0.1911369774534968E-01
0.2382205900776141E+00,0.1120071651156009E+00,0.1000014294980249E+06,0.6052906037339474E+01,-0.1892484521812557E-01
0.2381797730922699E+00,0.1113305389881134E+00,0.1000014287754001E+06,0.6052956581115723E+01,-0.1895634084939957E-01
0.2381797730922699E+00,0.1113305389881134E+00,0.1000014287754001E+06,0.6052956581115723E+01,-0.1895634084939957E-01
0.2381412906630373E+00,0.1106926083909690E+00,0.1000014289051598E+06,0.6052126409353451E+01,-0.1874566486662634E-01
0.2380572689049416E+00,0.1092997636204075E+00,0.1000014315242796E+06,0.6051671981354438E+01,-0.1858020154335869E-01
0.2379425352774927E+00,0.1073978023115563E+00,0.1000014313757692E+06,0.6050008774145982E+01,-0.1823913495363066E-01
0.2378169411457708E+00,0.1053158043440414E+00,0.1000014265037495E+06,0.6048078059022511E+01,-0.1796779137315050E-01
0.2377022075183219E+00,0.1034138430351902E+00,0.1000014266395705E+06,0.6047279834548612E+01,-0.1761793340776391E-01
0.2376181857602263E+00,0.1020209982646287E+00,0.1000014263517715E+06,0.6048533902738009E+01,-0.1776325623410527E-01
0.2375797033309937E+00,0.1013830676674843E+00,0.1000014238663079E+06,0.6048297882080078E+01,-0.1679845899343491E-01
0.2375797033309937E+00,0.1013830676674843E+00,0.1000014238663079E+06,0.6048297882080078E+01,-0.1679845899343491E-01
0.2375434245392533E+00,0.1007816581093067E+00,0.1000014284516511E+06,0.6049723149593149E+01,-0.1557234902635508E-01
0.2374642141587133E+00,0.9946855263698266E-01,0.1000014339003262E+06,0.6046234145996942E+01,-0.1561626231284318E-01
0.2373560505770776E+00,0.9767547715894917E-01,0.1000014373717469E+06,0.6045448305623281E+01,-0.1576044973009180E-01
0.2372376484013465E+00,0.9571267198331615E-01,0.1000014374375363E+06,0.6046846390994397E+01,-0.1582938249362864E-01
0.2371294848197108E+00,0.9391959650528264E-01,0.1000014375073571E+06,0.6044818877362986E+01,-0.1546011559241881E-01
0.2370502744391708E+00,0.9260649103295857E-01,0.1000014371776950E+06,0.6044305327266742E+01,-0.1514567953957099E-01
0.2370139956474304E+00,0.9200508147478104E-01,0.1000014370635863E+06,0.6044085979461670E+01,-0.1519479323178530E-01
0.2370139956474304E+00,0.9200508147478104E-01,0.1000014370635863E+06,0.6044085979461670E+01,-0.1519479323178530E-01
0.2369797953082249E+00,0.9143813218182710E-01,0.1000014365231752E+06,0.6043338299675194E+01,-0.1494577131203983E-01
0.2369051229789355E+00,0.9020026655600638E-01,0.1000014371073292E+06,0.6043536185441513E+01,-0.1469592974080093E-01
0.2368031562098079E+00,0.8850993280480260E-01,0.1000014391889005E+06,0.6044237612722739E+01,-0.1431461417462955E-01
0.2366915374270864E+00,0.8665959472586757E-01,0.1000014392116440E+06,0.6044933319153915E+01,-0.1390918519971714E-01
0.2365895706579587E+00,0.8496926097466377E-01,0.1000014391959031E+06,0.6044517994702675E+01,-0.1350758537587745E-01
0.2365148983286693E+00,0.8373139534884302E-01,0.1000014393641278E+06,0.6043943404420193E+01,-0.1324354333285206E-01
0.2364806979894638E+00,0.8316444605588913E-01,0.1000014377802109E+06,0.6043813228607178E+01,-0.1306696515530348E-01
0.2364806979894638E+00,0.8316444605588913E-01,0.1000014377802109E+06,0.6043813228607178E+01,-0.1306696515530348E-01
0.2364484595183292E+00,0.8263000710521747E-01,0.1000014400197158E+06,0.6043344018919719E+01,-0.1296985014289958E-01
0.2363780706921282E+00,0.8146312390356597E-01,0.1000014388671366E+06,0.6042920590673941E+01,-0.1271095626170822E-01
0.2362819531441863E+00,0.7986971827187106E-01,0.1000014344348154E+06,0.6041899205175467E+01,-0.1230762079276671E-01
0.2361767372607056E+00,0.7812548337541059E-01,0.1000014344019567E+06,0.6040297027300652E+01,-0.1198180493028534E-01
0.2360806197127638E+00,0.7653207774371568E-01,0.1000014342824963E+06,0.6038931846616673E+01,-0.1168596039667556E-01
0.2360102308865628E+00,0.7536519454206414E-01,0.1000014301637725E+06,0.6039892671558862E+01,-0.1191896069919821E-01
0.2359779924154282E+00,0.7483075559139252E-01,0.1000014258061527E+06,0.6040009498596191E+01,-0.1119186077266932E-01
0.2359779924154282E+00,0.7483075559139252E-01,0.1000014258061527E+06,0.6040009498596191E+01,-0.1119186077266932E-01
0.2359476030503418E+00,0.7432698074378595E-01,0.1000014226512370E+06,0.6040873507071717E+01,-0.1016464841514539E-01
0.2358812515249085E+00,0.7322704892491697E-01,0.1000014298171064E+06,0.6040055278514523E+01,-0.9858242792063220E-02
0.2357906470032670E+00,0.7172506693375824E-01,0.1000014418967619E+06,0.6040083406036212E+01,-0.8860632300320271E-02
0.2356914660004638E+00,0.7008090969549896E-01,0.1000014453853277E+06,0.6038011083996379E+01,-0.8663787975167229E-02
0.2356008614788223E+00,0.6857892770434024E-01,0.1000014451440298E+06,0.6037958145151135E+01,-0.9183839624159940E-02
0.2355345099533889E+00,0.6747899588547125E-01,0.1000014455487059E+06,0.6036965366194869E+01,-0.8407633423110877E-02
0.2355041205883026E+00,0.6697522103786469E-01,0.1000014447958615E+06,0.6037089347839355E+01,-0.8775261230766773E-02
0.2355041205883026E+00,0.6697522103786469E-01,0.1000014447958615E+06,0.6037089347839355E+01,-0.8775261230766773E-02
0.2354754771233457E+00,0.6650036367648607E-01,0.1000014454386263E+06,0.6036400791330330E+01,-0.8553475973081578E-02
0.2354129375609627E+00,0.6546356971250396E-01,0.1000014452976057E+06,0.6035246844827796E+01,-0.8310185898551982E-02
0.2353275383618280E+00,0.6404780390254269E-01,0.1000014447292670E+06,0.6033598420198937E+01,-0.7959540351341155E-02
0.2352340554091528E+00,0.6249802393325558E-01,0.1000014447040758E+06,0.6032991886319155E+01,-0.7555876461244083E-02
0.2351486562100181E+00,0.6108225812329430E-01,0.1000014449539684E+06,0.6033589840262496E+01,-0.7150975841766356E-02
0.2350861166476352E+00,0.6004546415931219E-01,0.1000014465507639E+06,0.6034258843316846E+01,-0.6887500734856522E-02
0.2350574731826782E+00,0.5957060679793358E-01,0.1000014477747775E+06,0.6034472942352295E+01,-0.6742001045495272E-02
0.2350574731826782E+00,0.5957060679793358E-01,0.1000014477747775E+06,0.6034472942352295E+01,-0.6742001045495272E-02
0.2350304733675420E+00,0.5912301658368969E-01,0.1000014470360414E+06,0.6034656047889581E+01,-0.6615798851493174E-02
0.2349715225169525E+00,0.5814575715757852E-01,0.1000014470360301E+06,0.6034768581168640E+01,-0.6335140509049613E-02
0.2348910237856403E+00,0.5681128711722782E-01,0.1000014470360392E+06,0.6034595488265032E+01,-0.5937518332285114E-02
0.2348029051713451E+00,0.5535049824692318E-01,0.1000014470360260E+06,0.6034085751046308E+01,-0.5492925043280898E-02
0.2347224064400329E+00,0.5401602820657248E-01,0.1000014470360271E+06,0.6033471107793779E+01,-0.5087902034446934E-02
0.2346634555894435E+00,0.5303876878046131E-01,0.1000014470360553E+06,0.6032994270149385E+01,-0.4794465934748634E-02
0.2346364557743073E+00,0.5259117856621742E-01,0.1000014470360837E+06,0.6032765388488770E+01,-0.4660114180296659E-02
0.2346364557743073E+00,0.5259117856621742E-01,0.1000014470360837E+06,0.6032765388488770E+01,-0.4660114180296659E-02
0.2346110078703970E+00,0.5216929570409669E-01,0.1000014470360192E+06,0.6032547473427473E+01,-0.4533431661227071E-02
0.2345554454314080E+00,0.5124816519095825E-01,0.1000014470360180E+06,0.6032093047511055E+01,-0.4252162429504216E-02
0.2344795736534352E+00,0.4999034046172787E-01,0.1000014470360573E+06,0.6031191347650697E+01,-0.3860479575314610E-02
0.2343965199725871E+00,0.4861345202684711E-01,0.1000014470360307E+06,0.6029642582896116E+01,-0.3432211702431615E-02
0.2343206481946143E+00,0.4735562729761672E-01,0.1000014470360454E+06,0.6028212069638181E+01,-0.3046894217038526E-02
0.2342650857556253E+00,0.4643449678447827E-01,0.1000014470360610E+06,0.6027703761271005E+01,-0.2767298848194853E-02
0.2342396378517151E+00,0.4601261392235756E-01,0.1000014470360055E+06,0.6027703762054443E+01,-0.2639359794557095E-02
0.2342396378517151E+00,0.4601261392235756E-01,0.1000014470360055E+06,0.6027703762054443E+01,-0.2639359794557095E-02
0.2342156510760467E+00,0.4561496486118354E-01,0.1000014470360325E+06,0.6027817249351403E+01,-0.2519198647411896E-02
0.2341632788349252E+00,0.4474674593916572E-01,0.1000014470360569E+06,0.6028275487789733E+01,-0.2254221283908143E-02
0.2340917633449179E+00,0.4356117319467059E-01,0.1000014470360432E+06,0.6029116152608811E+01,-0.1888062177057983E-02
0.2340134783113855E+00,0.4226337600348004E-01,0.1000014470360371E+06,0.6029673098439399E+01,-0.1484180208185577E-02
0.2339419628213781E+00,0.4107780325898491E-01,0.1000014470360398E+06,0.6029623031553236E+01,-0.1119470619355316E-02
0.2338895905802567E+00,0.4020958433696708E-01,0.1000014470360564E+06,0.6029257296540516E+01,-0.8579418098898362E-03
0.2338656038045883E+00,0.3981193527579308E-01,0.1000014470360710E+06,0.6029041290283203E+01,-0.7383496267721057E-03
0.2338656038045883E+00,0.3981193527579308E-01,0.1000014470360710E+06,0.6029041290283203E+01,-0.7383496267721057E-03
0.2338429959746706E+00,0.3943712864688033E-01,0.1000014470360616E+06,0.6028866766171323E+01,-0.6266459626189006E-03
0.2337936344958271E+00,0.3861878342972071E-01,0.1000014470360589E+06,0.6028326034118510E+01,-0.3837665465416294E-03
0.2337262302703941E+00,0.3750131436696691E-01,0.1000014470360498E+06,0.6027786254797133E+01,-0.4977260292308851E-04
0.2336524456672584E+00,0.3627806744465190E-01,0.1000014470360321E+06,0.6027064799323677E+01,0.3130846354658347E-03
0.2335850414418254E+00,0.3516059838189808E-01,0.1000014470360209E+06,0.6026028156743198E+01,0.6422373666666514E-03
0.2335356799629819E+00,0.3434225316473848E-01,0.1000014470360292E+06,0.6024128442635505E+01,0.8777920152626599E-03
0.2335130721330643E+00,0.3396744653582573E-01,0.1000014470360325E+06,0.6022566318511963E+01,0.9894671384245157E-03
0.2335130721330643E+00,0.3396744653582573E-01,0.1000014470360325E+06,0.6022566318511963E+01,0.9894671384245157E-03
0.2334917629776271E+00,0.3361416921108711E-01,0.1000014470360275E+06,0.6020978925125534E+01,0.1098662422300470E-02
0.2334452369983925E+00,0.3284283064146405E-01,0.1000014470360327E+06,0.6019306658633723E+01,0.1342794932951902E-02
0.2333817047123611E+00,0.3178955022827331E-01,0.1000014470360498E+06,0.6019779680736081E+01,0.1669202540529034E-02
0.2333121585603059E+00,0.3063656795188245E-01,0.1000014470360656E+06,0.6021139620804536E+01,0.2042349534543154E-02
0.2332486262742745E+00,0.2958328753869170E-01,0.1000014470360493E+06,0.6023211003260177E+01,0.2376083444635484E-02
0.2332021002950399E+00,0.2881194896906865E-01,0.1000014470360261E+06,0.6023992061406976E+01,0.2620940128516607E-02
0.2331807911396027E+00,0.2845867164433002E-01,0.1000014470360411E+06,0.6024179935455322E+01,0.2734251553192735E-02
0.2323085963726044E+00,0.1153883151710033E-01,0.1000014453125000E+06,0.4699089050292969E+01,0.3369816811755300E-02
0.2323085571925796E+00,0.1152157689697301E-01,0.1000014453125000E+06,0.4668503769922237E+01,0.3308391914189061E-02
0.2323084716477054E+00,0.1148390350817501E-01,0.1000014453124998E+06,0.4600227755156506E+01,0.3174747465189880E-02
0.2323083548342282E+00,0.1143245963633693E-01,0.1000014453124998E+06,0.4503707055349103E+01,0.2992416563396774E-02
0.2323082269633716E+00,0.1137614616870247E-01,0.1000014453124999E+06,0.4393746751371197E+01,0.2793301648574183E-02
0.2323081101498944E+00,0.1132470229686439E-01,0.1000014453125000E+06,0.4289414900373322E+01,0.2612651836309641E-02
0.2323080246050202E+00,0.1128702890806639E-01,0.1000014453124999E+06,0.4210700546454363E+01,0.2481756690997516E-02
0.2323079854249954E+00,0.1126977428793907E-01,0.1000014453124999E+06,0.4174007892608643E+01,0.2422579098492861E-02
0.2323079854249954E+00,0.1126977428793907E-01,0.1000014453124999E+06,0.4174007892608643E+01,0.2422579098492861E-02
0.2323079061093355E+00,0.1125448374573159E-01,0.1000014453125000E+06,0.4141156977051363E+01,0.2370775473240219E-02
0.2323077329331268E+00,0.1122109868496156E-01,0.1000014453124998E+06,0.4068334526213897E+01,0.2259224573053162E-02
0.2323074964570632E+00,0.1117551062287431E-01,0.1000014453124998E+06,0.3966514957359481E+01,0.2109099713726560E-02
0.2323072375965486E+00,0.1112560726670881E-01,0.1000014453124998E+06,0.3851976771959642E+01,0.1947548680502945E-02
0.2323070011204849E+00,0.1108001920462156E-01,0.1000014453124999E+06,0.3744601082282407E+01,0.1802953853349881E-02
0.2323068279442763E+00,0.1104663414385152E-01,0.1000014453124999E+06,0.3664351260458474E+01,0.1699400829467949E-02
0.2323067486286163E+00,0.1103134360164404E-01,0.1000014453125000E+06,0.3627151966094971E+01,0.1653035404160619E-02
0.2323067486286163E+00,0.1103134360164404E-01,0.1000014453125000E+06,0.3627151966094971E+01,0.1653035404160619E-02
0.2323066387334248E+00,0.1101757767604169E-01,0.1000014453125000E+06,0.3593424461864487E+01,0.1612023817472403E-02
0.2323063987904851E+00,0.1098752143234843E-01,0.1000014453124998E+06,0.3519002450578067E+01,0.1524355154875968E-02
0.2323060711429272E+00,0.1094647894591907E-01,0.1000014453124998E+06,0.3415688697341754E+01,0.1407539936858374E-02
0.2323057124807682E+00,0.1090155144243619E-01,0.1000014453125000E+06,0.3300430032797890E+01,0.1283117505197093E-02
0.2323053848332102E+00,0.1086050895600682E-01,0.1000014453125000E+06,0.3193228123631120E+01,0.1172775617218486E-02
0.2323051448902705E+00,0.1083045271231356E-01,0.1000014453124999E+06,0.3113606217539455E+01,0.1094584351706121E-02
0.2323050349950790E+00,0.1081668678671122E-01,0.1000014453124999E+06,0.3076833963394165E+01,0.1059840433299541E-02
0.2323050349950790E+00,0.1081668678671122E-01,0.1000014453124999E+06,0.3076833963394165E+01,0.1059840433299541E-02
0.2323049012096285E+00,0.1080410414563823E-01,0.1000014453124999E+06,0.3043057015460025E+01,0.1028788472594085E-02
0.2323046091051802E+00,0.1077663146146724E-01,0.1000014453124998E+06,0.2968750693420560E+01,0.9628627841577085E-03
0.2323042102298923E+00,0.1073911688450369E-01,0.1000014453124998E+06,0.2866096624475690E+01,0.8758175502117464E-03
0.2323037735976987E+00,0.1069805123683420E-01,0.1000014453124998E+06,0.2752214235548004E+01,0.7839253399735146E-03
0.2323033747224107E+00,0.1066053665987065E-01,0.1000014453124998E+06,0.2646855813007758E+01,0.7031661912748406E-03
0.2323030826179624E+00,0.1063306397569966E-01,0.1000014453124998E+06,0.2568931467470678E+01,0.6465252350602031E-03
0.2323029488325119E+00,0.1062048133462667E-01,0.1000014453125000E+06,0.2533035755157471E+01,0.6215582252480090E-03
0.2323029488325119E+00,0.1062048133462667E-01,0.1000014453125000E+06,0.2533035755157471E+01,0.6215582252480090E-03
0.2323027968904645E+00,0.1060881709483614E-01,0.1000014453124999E+06,0.2499641596474115E+01,0.5990359110031407E-03
0.2323024651432696E+00,0.1058334962946053E-01,0.1000014453124997E+06,0.2426342627051076E+01,0.5515836889748669E-03
0.2323020121349069E+00,0.1054857322450667E-01,0.1000014453124998E+06,0.2325418288994053E+01,0.4895537223929608E-03
0.2323015162454871E+00,0.1051050493989200E-01,0.1000014453124999E+06,0.2213890812114766E+01,0.4248933179647230E-03
0.2323010632371243E+00,0.1047572853493814E-01,0.1000014453125000E+06,0.2111102000259425E+01,0.3688100875394722E-03
0.2323007314899295E+00,0.1045026106956253E-01,0.1000014453124999E+06,0.2035308340674480E+01,0.3300326313994918E-03
0.2323005795478821E+00,0.1043859682977200E-01,0.1000014453124998E+06,0.2000452995300293E+01,0.3131776174996048E-03
0.2323005795478821E+00,0.1043859682977200E-01,0.1000014453124998E+06,0.2000452995300293E+01,0.3131776174996048E-03
0.2323004123160689E+00,0.1042764547531067E-01,0.1000014453124999E+06,0.1967649310792544E+01,0.2979446948258265E-03
0.2323000471855085E+00,0.1040373450935248E-01,0.1000014453124998E+06,0.1895754631649679E+01,0.2663130966666758E-03
0.2322995485913986E+00,0.1037108353986117E-01,0.1000014453124998E+06,0.1797010154148275E+01,0.2257652225295535E-03
0.2322990028011566E+00,0.1033534188107875E-01,0.1000014453124998E+06,0.1688205759782186E+01,0.1844892551964425E-03
0.2322985042070467E+00,0.1030269091158744E-01,0.1000014453124999E+06,0.1588204288657836E+01,0.1496073368222437E-03
0.2322981390764863E+00,0.1027877994562924E-01,0.1000014453124999E+06,0.1514627169826361E+01,0.1261716387227974E-03
0.2322979718446732E+00,0.1026782859116793E-01,0.1000014453125000E+06,0.1480837464332581E+01,0.1162035332527012E-03
0.2322979718446732E+00,0.1026782859116793E-01,0.1000014453125000E+06,0.1480837464332581E+01,0.1162035332527012E-03
0.2322977950567564E+00,0.1025743059483120E-01,0.1000014453125000E+06,0.1448702886265716E+01,0.1072172200850204E-03
0.2322974090615925E+00,0.1023472781981657E-01,0.1000014453124998E+06,0.1378359461722571E+01,0.8904674941820078E-04
0.2322968819763906E+00,0.1020372666262088E-01,0.1000014453124998E+06,0.1281926861289739E+01,0.6686117474042189E-04
0.2322963049981348E+00,0.1016979098476472E-01,0.1000014453124999E+06,0.1175907852174988E+01,0.4569396354113667E-04
0.2322957779129329E+00,0.1013878982756902E-01,0.1000014453125000E+06,0.1078674224768273E+01,0.2925699082623198E-04
0.2322953919177690E+00,0.1011608705255439E-01,0.1000014453124999E+06,0.1007258915130460E+01,0.1942743510422450E-04
0.2322952151298523E+00,0.1010568905621767E-01,0.1000014453125001E+06,0.9744964241981506E+00,0.1571300890645944E-04
0.2322952151298523E+00,0.1010568905621767E-01,0.1000014453125001E+06,0.9744964241981506E+00,0.1571300890645944E-04
0.2322950287858319E+00,0.1009572048728686E-01,0.1000014453124999E+06,0.9430553715499718E+00,0.1264674111757240E-04
0.2322946219260646E+00,0.1007395531538980E-01,0.1000014453124997E+06,0.8742924594396555E+00,0.7475896488705223E-05
0.2322940663497707E+00,0.1004423447664046E-01,0.1000014453124999E+06,0.7801679699584290E+00,0.3014778970889212E-05
0.2322934581835011E+00,0.1001170031015611E-01,0.1000014453124998E+06,0.6768708756739353E+00,0.9573116677441381E-06
0.2322929026072071E+00,0.9981979471406770E-02,0.1000014453124999E+06,0.5822901890246074E+00,0.1306190633085302E-05
0.2322924957474399E+00,0.9960214299509700E-02,0.1000014453124999E+06,0.5129160593748215E+00,0.2872452550340339E-05
0.2322923094034195E+00,0.9950245730578899E-02,0.1000014453125000E+06,0.4811155796051025E+00,0.3995343377027893E-05
0.2322923094034195E+00,0.9950245730578899E-02,0.1000014453125000E+06,0.4811155796051025E+00,0.3995343377027893E-05
0.2322921163701266E+00,0.9940610490487098E-02,0.1000014453125000E+06,0.4503614410117192E+00,0.5296272347737285E-05
0.2322916949051369E+00,0.9919573102039145E-02,0.1000014453124998E+06,0.3831508938277328E+00,0.8577473228391118E-05
0.2322911193850786E+00,0.9890846068192329E-02,0.1000014453124999E+06,0.2912621580459944E+00,0.1267406251155476E-04
0.2322904893871992E+00,0.9859399778615628E-02,0.1000014453124999E+06,0.1905416592350268E+00,0.1450625398662433E-04
0.2322899138671409E+00,0.9830672744768811E-02,0.1000014453124999E+06,0.9843410448469576E-01,0.1132275566506799E-04
0.2322894924021512E+00,0.9809635356320854E-02,0.1000014453124998E+06,0.3092826574620586E-01,0.4625203145309755E-05
0.2322892993688583E+00,0.9800000116229057E-02,0.1000014453124999E+06,0.0000000000000000E+00,0.0000000000000000E+00
0.2322941124439240E+00,0.1375877112150192E-01,0.1000014428547523E+06,0.6009133815765381E+01,0.8051882497966290E-02
0.2322945224007688E+00,0.1371914100422592E-01,0.1000014468590051E+06,0.6006740626543437E+01,0.7987787443822846E-02
0.2322954174922568E+00,0.1363261340725581E-01,0.1000014448362544E+06,0.6003817116007609E+01,0.7788750197106975E-02
0.2322966397601031E+00,0.1351445799965883E-01,0.1000014453125017E+06,0.5997862833273225E+01,0.7525520599099307E-02
0.2322979777258969E+00,0.1338511818747496E-01,0.1000014533901227E+06,0.5988993656062829E+01,0.7266240937303378E-02
0.2322991999937432E+00,0.1326696277987797E-01,0.1000014463100394E+06,0.5977671119830235E+01,0.7013662594997474E-02
0.2323000950852313E+00,0.1318043518290786E-01,0.1000014427887706E+06,0.5967102457040834E+01,0.6772477019486790E-02
0.2323005050420761E+00,0.1314080506563187E-01,0.1000014492456332E+06,0.5961443901062012E+01,0.6662750616669655E-02
0.2323005050420761E+00,0.1314080506563187E-01,0.1000014492456332E+06,0.5961443901062012E+01,0.6662750616669655E-02
0.2323007754798082E+00,0.1310814732045142E-01,0.1000014453125006E+06,0.5956402301000302E+01,0.6489014263208234E-02
0.2323013659480859E+00,0.1303684305977398E-01,0.1000014453124970E+06,0.5945440687856824E+01,0.6755377978368424E-02
0.2323021722459891E+00,0.1293947546517113E-01,0.1000014453125063E+06,0.5923124798937427E+01,0.6482996919475452E-02
0.2323030548667809E+00,0.1283289120758316E-01,0.1000014453125004E+06,0.5896659850329128E+01,0.6305875725672284E-02
0.2323038611646842E+00,0.1273552361298030E-01,0.1000014453124986E+06,0.5864761462249713E+01,0.6389423166428652E-02
0.2323044516329618E+00,0.1266421935230286E-01,0.1000014453125013E+06,0.5838238232707934E+01,0.6218496204210364E-02
0.2323047220706940E+00,0.1263156160712242E-01,0.1000014453124985E+06,0.5824370861053467E+01,0.6238618399947882E-02
0.2323047220706940E+00,0.1263156160712242E-01,0.1000014453124985E+06,0.5824370861053467E+01,0.6238618399947882E-02
0.2323048826132346E+00,0.1260431560286693E-01,0.1000014453125000E+06,0.5812417435437495E+01,0.6209069908376723E-02
0.2323052331385726E+00,0.1254482722793112E-01,0.1000014453124999E+06,0.5784175706152824E+01,0.6135369205816581E-02
0.2323057117889179E+00,0.1246359449486157E-01,0.1000014453124999E+06,0.5740617563219787E+01,0.6015883228670452E-02
0.2323062357475506E+00,0.1237467239935973E-01,0.1000014453124999E+06,0.5685796940534981E+01,0.5859271296972048E-02
0.2323067143978959E+00,0.1229343966629018E-01,0.1000014453124999E+06,0.5628635645279561E+01,0.5693044925542763E-02
0.2323070649232339E+00,0.1223395129135437E-01,0.1000014453124998E+06,0.5582187291872372E+01,0.5557300861747889E-02
0.2323072254657745E+00,0.1220670528709888E-01,0.1000014453125000E+06,0.5559560775756836E+01,0.5491545889526606E-02
0.2323072254657745E+00,0.1220670528709888E-01,0.1000014453125000E+06,0.5559560775756836E+01,0.5491545889526606E-02
0.2323073028702138E+00,0.1218365978763593E-01,0.1000014453124999E+06,0.5539740621213944E+01,0.5434389860634983E-02
0.2323074718735017E+00,0.1213334270995439E-01,0.1000014453124999E+06,0.5494234172631397E+01,0.5304499647158445E-02
0.2323077026513468E+00,0.1206463359250826E-01,0.1000014453125000E+06,0.5427010229938736E+01,0.5115522151099027E-02
0.2323079552742590E+00,0.1198942057833868E-01,0.1000014453124998E+06,0.5346438266706489E+01,0.4894567209821030E-02
0.2323081860521040E+00,0.1192071146089255E-01,0.1000014453124999E+06,0.5266226315226766E+01,0.4681034394119338E-02
0.2323083550553920E+00,0.1187039438321100E-01,0.1000014453124999E+06,0.5203377156821626E+01,0.4518431245981075E-02
0.2323084324598312E+00,0.1184734888374805E-01,0.1000014453124998E+06,0.5173416614532471E+01,0.4442575387656689E-02
0.2323084324598312E+00,0.1184734888374805E-01,0.1000014453124998E+06,0.5173416614532471E+01,0.4442575387656689E-02
0.2323084429715452E+00,0.1182756368793383E-01,0.1000014453124999E+06,0.5147098792269614E+01,0.4377051175368852E-02
0.2323084659226090E+00,0.1178436509133456E-01,0.1000014453124998E+06,0.5087702791385159E+01,0.4232318952909702E-02
0.2323084972628101E+00,0.1172537642219854E-01,0.1000014453124998E+06,0.5002287475311497E+01,0.4030381998180699E-02
0.2323085315696255E+00,0.1166080397864984E-01,0.1000014453124998E+06,0.4903037468689976E+01,0.3804619975661966E-02
0.2323085629098266E+00,0.1160181530951383E-01,0.1000014453124999E+06,0.4807092719709740E+01,0.3595162968496790E-02
0.2323085858608904E+00,0.1155861671291456E-01,0.1000014453124998E+06,0.4733631917105479E+01,0.3440565131477819E-02
0.2323085963726044E+00,0.1153883151710033E-01,0.1000014453125000E+06,0.4699089050292969E+01,0.3369816811755300E-02
0.2331807911396027E+00,0.2845867164433002E-01,0.1000014470360411E+06,0.6024179935455322E+01,0.2734251553192735E-02
0.2331607051654273E+00,0.2812568407767617E-01,0.1000014470360451E+06,0.6024385929428809E+01,0.2840409472563761E-02
0.2331168498554345E+00,0.2739864575571458E-01,0.1000014470360463E+06,0.6024629115951914E+01,0.3070289602708751E-02
0.2330569644291779E+00,0.2640585834131698E-01,0.1000014470360432E+06,0.6024431705730875E+01,0.3382815098734200E-02
0.2329914103428939E+00,0.2531909523560542E-01,0.1000014470360379E+06,0.6023821829907028E+01,0.3723401525071193E-02
0.2329315249166374E+00,0.2432630782120784E-01,0.1000014470360642E+06,0.6023272514412896E+01,0.4034649534967705E-02
0.2328876696066445E+00,0.2359926949924625E-01,0.1000014470360461E+06,0.6022953033478611E+01,0.4262434219726588E-02
0.2328675836324692E+00,0.2326628193259239E-01,0.1000014464056930E+06,0.6022795677185059E+01,0.4366233479231596E-02
0.2328675836324692E+00,0.2326628193259239E-01,0.1000014464056930E+06,0.6022795677185059E+01,0.4366233479231596E-02
0.2328486520356098E+00,0.2295241505419805E-01,0.1000014474478491E+06,0.6022627828365447E+01,0.4464820807465702E-02
0.2328073171697138E+00,0.2226712445647329E-01,0.1000014468636887E+06,0.6022171496154511E+01,0.4677848805362686E-02
0.2327508734673698E+00,0.2133134451190238E-01,0.1000014447821462E+06,0.6021354674685741E+01,0.4970199115017932E-02
0.2326890868931573E+00,0.2030698511322732E-01,0.1000014447594042E+06,0.6020404338431188E+01,0.5291775942155777E-02
0.2326326431908133E+00,0.1937120516865640E-01,0.1000014447751623E+06,0.6019583224896995E+01,0.5585864778125072E-02
0.2325913083249172E+00,0.1868591457093164E-01,0.1000014446069376E+06,0.6018946648058479E+01,0.5802631246118453E-02
0.2325723767280579E+00,0.1837204769253731E-01,0.1000014448860564E+06,0.6018632888793945E+01,0.5898407194763422E-02
0.2325723767280579E+00,0.1837204769253731E-01,0.1000014448860564E+06,0.6018632888793945E+01,0.5898407194763422E-02
0.2325545316601788E+00,0.1807619860859475E-01,0.1000014448187675E+06,0.6018312454950943E+01,0.6001302738822813E-02
0.2325155690996951E+00,0.1743024769906107E-01,0.1000014447216797E+06,0.6017662523326160E+01,0.6196516871921376E-02
0.2324623648345105E+00,0.1654818699616238E-01,0.1000014447504227E+06,0.6016935825623650E+01,0.6505066780530092E-02
0.2324041243374713E+00,0.1558263181787685E-01,0.1000014453095633E+06,0.6016792295444426E+01,0.6831014798659778E-02
0.2323509200722867E+00,0.1470057111497816E-01,0.1000014453383062E+06,0.6017009735142837E+01,0.7244332531306737E-02
0.2323119575118030E+00,0.1405462020544448E-01,0.1000014452412292E+06,0.6014568310894901E+01,0.7673473249331661E-02
0.2322941124439240E+00,0.1375877112150192E-01,0.1000014428547523E+06,0.6009133815765381E+01,0.8051882497966290E-02
